,avatarurl,commentid,commit_state,enable_delete,encrypt_rootcommentuin,encrypt_uin,identity_pic,identity_type,is_hot,is_hot_cmt,is_medal,is_stick,ispraise,middlecommentcontent,nick,permission,praisenum,root_enable_delete,root_identity_pic,root_identity_type,root_is_stick,rootcommentcontent,rootcommentid,rootcommentnick,rootcommentuin,score,taoge_topic,taoge_url,time,uin,user_type,vipicon
0,https://pic6.y.qq.com/qqmusic/avatar/3769366c3765453537774335-1700371133/140,1!LH82U.SrkolPxDOqdQajbE48Mq65GGra-NXHPQGKnR4aULT8s0g1yG0rEotFYBXZcE4D1Q.QXbsQ49ER2yTpNQ**,2,0,7i6l7eE57wC5,7i6l7eE57wC5,,0,1,0,1,0,0,"[{'encrypt_replyeduin': 'oKcPNeozowCFoz**', 'encrypt_replyuin': '7i6l7eE57wC5', 'reply_identity_pic': '', 'reply_identity_type': 0, 'replyed_identity_pic': '', 'replyed_identity_type': 0, 'replyednick': '@å°ä½•å°ä½•ï¼Œå¿ƒå¹³æ°”å’Œ', 'replyeduin': '', 'replynick': '@æ˜Ÿç©º', 'replyuin': '', 'subcommentcontent': 'å“ˆå“ˆå“ˆå“ˆå“ˆå“ˆå“ˆå“ˆå“ˆ', 'subcommentid': '1!LH82U.SrkolPxDOqdQajbE48Mq65GGra-NXHPQGKnR4aULT8s0g1yG0rEotFYBXZcE4D1Q.QXbsQ49ER2yTpNQ**'}, {'encrypt_replyeduin': '7i6l7eE57wC5', 'encrypt_replyuin': 'oKcPNeozowCFoz**', 'reply_identity_pic': '', 'reply_identity_type': 0, 'replyed_identity_pic': '', 'replyed_identity_type': 0, 'replyednick': '@æ˜Ÿç©º', 'replyeduin': '', 'replynick': '@å°ä½•å°ä½•ï¼Œå¿ƒå¹³æ°”å’Œ', 'replyuin': '', 'subcommentcontent': 'ä»–ä»¬æ˜¯è¢«å‘Šäº”äºº', 'subcommentid': '1!LH82U.SrkolPxDOqdQajbE48Mq65GGra-NXHPQGKnR4KtHaMn5WHF2nsyeeEMchiVLlMqCOis1PNwR8XNg2qhQ**'}]",æ˜Ÿç©º,0,0,0,,0,0,ç»ˆäºçŸ¥é“å‘Šäº”äººå‘Šçš„æ˜¯å“ªäº”äºº,1!LH82U.SrkolPxDOqdQajbE48Mq65GGra-NXHPQGKnR5crbYUFSuFRDbqOWia3DFE,@æ˜Ÿç©º,,0,,,1702105418,,,http://y.qq.com/music/icon/v1/h5/nsvip8.png
1,https://thirdwx.qlogo.cn/mmopen/vi_32/aedibsTLJToY01MRY2hJE9OVU94UlwGIAiaddmAd0ibWAdEu2RenUXX6r1UYE7fuiaHD0rZSmLkiclo2ZRIUYobcn3BnFtiaIiaIwu6dh1BCVO83WQ/132,1!WKo4yYxZY1MmOkKwF65anJrrfjrp27IUL0bbO5nJurOpgs0Vd9HBCnkKlFtWM7qn,2,0,oK6kowEAoK4z7K-FoKvk7w-Aon**,oK6kowEAoK4z7K-FoKvk7w-Aon**,,0,1,0,0,0,0,,æ¥åœºè¯´èµ°å°±èµ°çš„æ—…è¡Œ,0,0,0,,0,0,å‡å”±äº†ğŸ¶ğŸ‘ˆ,1!WKo4yYxZY1MmOkKwF65anJrrfjrp27IUL0bbO5nJurOpgs0Vd9HBCnkKlFtWM7qn,@æ¥åœºè¯´èµ°å°±èµ°çš„æ—…è¡Œ,,0,,,1702104418,,,
2,https://thirdqq.qlogo.cn/qqapp/101972117/2C69E9ED1290728D00DAE434E9866C28/140,1!5po.YhQVQeAQ6Gvne.7W31huwa3JLX55LJp-8e32GIwoaqNyOob4JQ8alfOBIHoc,2,0,oiCkNe6z7wCA7z**,oiCkNe6z7wCA7z**,,0,1,0,0,0,0,,æè€€ä¸–,0,0,0,,0,0,å“,1!5po.YhQVQeAQ6Gvne.7W31huwa3JLX55LJp-8e32GIwoaqNyOob4JQ8alfOBIHoc,@æè€€ä¸–,,0,,,1702104311,,,http://y.qq.com/music/icon/v1/h5/svip1.png
3,https://wx.qlogo.cn/mmhead/Q3auHgzwzM62Nh2vwRpCibQ9l4X0WTm8B7pxOQrZwAjblY1IuwX1zTQ/132,1!oVljySOfhOLVlnatUhSCK5QyCuc.eI7aHTj-OT-5t9Id4F-UKll1NT-r6zWSg9poDajLj01-TQ.gbw1uJigXrQ**,2,0,7eCq7KEk7Kcq,oK6kowEAoK4z7eCP7K6q7iSq7c**,,0,1,0,0,0,0,"[{'encrypt_replyeduin': '7eCq7KEk7Kcq', 'encrypt_replyuin': 'oK6kowEAoK4z7eCP7K6q7iSq7c**', 'reply_identity_pic': '', 'reply_identity_type': 0, 'replyed_identity_pic': '', 'replyed_identity_type': 0, 'replyednick': '@ç¥æ„¿ä½ çˆ¶æ¯æ‘†å¤´å•è€', 'replyeduin': '', 'replynick': '@èŠ±äº¬é™¢', 'replyuin': '', 'subcommentcontent': 'æ—¥æœ¬è¿™ä¸ªå¸…å¤šäº†', 'subcommentid': '1!oVljySOfhOLVlnatUhSCK5QyCuc.eI7aHTj-OT-5t9Id4F-UKll1NT-r6zWSg9poDajLj01-TQ.gbw1uJigXrQ**'}]",èŠ±äº¬é™¢,0,1,0,,0,0,æ—¥æœ¬é™ˆä¿¡å®,1!oVljySOfhOLVlnatUhSCK5QyCuc.eI7aHTj-OT-5t9I6WFeMpHnuN0cKyUVUasoP,@ç¥æ„¿ä½ çˆ¶æ¯æ‘†å¤´å•è€,,0,,,1702102981,,,
4,http://thirdqq.qlogo.cn/g?b=sdk&k=KXSA0rHZM9tj1noJ3znzSQ&kti=ZU8p6AAAAAI&s=140&t=1690033303,1!2ii6BByw.hYBJMNm-rBJXNXiwTl9-oFZrV6Mh1y8KvPwmeMgcX6avdgAfditM-Eg,2,0,oKn57e6k7ec57z**,oKn57e6k7ec57z**,,0,1,0,0,0,0,,Adenium obesum,0,1,0,,0,0,çªç„¶å¥½æƒ³çŸ¥é“çœŸç›¸ã€‚ã€‚ã€‚,1!2ii6BByw.hYBJMNm-rBJXNXiwTl9-oFZrV6Mh1y8KvPwmeMgcX6avdgAfditM-Eg,@Adenium obesum,,0,,,1702102918,,,http://y.qq.com/music/icon/v1/h5/svip2.png
5,https://thirdwx.qlogo.cn/mmopen/vi_32/fNFFjBKYcqbJ9yP2ibn0j7vHKYUVw3j5ib4owIfMwbzU22RlTrQRDTuA3bnLx5ImpKNH8Qo9UfYPib7iaZibFSFyGeMnoO6rJH5pxI0uLt3GCFSc/132,1!WKo4yYxZY1MmOkKwF65anB-ylPaGAJ0UTcEqb9sSEjEj8u5v3DWIF0EjR0zDi0sD,2,0,oK6kowEAoK4z7eEFoKvP7i6i7n**,oK6kowEAoK4z7eEFoKvP7i6i7n**,,0,1,0,0,0,0,,ä¸€åªç„¶,0,2,0,,0,0,çœŸçš„å¾ˆä¼¤å¿ƒï¼Œæ¯æ‰äº†æˆ‘é’æ˜¥çš„è®¸å¤šç¾å¥½,1!WKo4yYxZY1MmOkKwF65anB-ylPaGAJ0UTcEqb9sSEjEj8u5v3DWIF0EjR0zDi0sD,@ä¸€åªç„¶,,0,,,1702102909,,,http://y.qq.com/music/icon/v1/h5/svip1.png
6,https://wx.qlogo.cn/mmhead/icoPBAKVSg9yJKJT12bTibk4ic1tGkAOKibY1KA8WicfTtdI/132,1!ExwSi7LdhF997YsQhaUnTccPpOzyydEpW49GZKvHKgSEK7RkTlEN.G46gXt3wRsJzGZCg.NmlQSsIjDwjyNw5NGbt0idKpTKgeKNGNoCZX4*,2,0,oi4s7KcsNeCP7v**,oK6kowEAoK4z7eCsow-57iCi7c**,,0,1,0,0,0,0,"[{'encrypt_replyeduin': 'oi4s7KcsNeCP7v**', 'encrypt_replyuin': 'oK6kowEAoK4z7eCsow-57iCi7c**', 'reply_identity_pic': '', 'reply_identity_type': 0, 'replyed_identity_pic': '', 'replyed_identity_type': 0, 'replyednick': '@æ— æ•Œæ¡‚å°‘', 'replyeduin': '', 'replynick': '@thymeğŸ€', 'replyuin': '', 'subcommentcontent': 'æˆ‘å¬ä¼ä½°çš„', 'subcommentid': '1!ExwSi7LdhF997YsQhaUnTccPpOzyydEpW49GZKvHKgSEK7RkTlEN.G46gXt3wRsJzGZCg.NmlQSsIjDwjyNw5NGbt0idKpTKgeKNGNoCZX4*'}]",thymeğŸ€,0,0,0,,0,0,æ¼”å”±ä¼šæ˜¯ä¸æ˜¯å‡å”±è¿˜ä¸çŸ¥é“ğŸ˜…ç¡®å‡¿äº†å†æ¥å–·ä¸è¡Œå—ï¼Ÿè™½ç„¶å¤§æ¦‚ç‡å‡å”±ä½†æ˜¯ä¸‡ä¸€ä¸æ˜¯ä½ ä»¬æ˜¯ä¸æ˜¯è¦è¿å¤œåˆ è¯„è®ºå•Šï¼Ÿé—®çš„å°±æ˜¯ä½ ä»¬Jayç²‰ä¸,1!ExwSi7LdhF997YsQhaUnTccPpOzyydEpW49GZKvHKgSJpoKLpwpLEqu1IClubDaE,@æ— æ•Œæ¡‚å°‘,,0,,,1702102337,,,http://y.qq.com/music/icon/v1/h5/svip6.png
7,http://thirdqq.qlogo.cn/g?b=sdk&k=tfAmTOaWtKzg08x5Q4VdKg&kti=ZTajVgAAAAI&s=140&t=1693305002,1!f1BoLdTRSZObN2h35ZZWNc8H57LbkLFmFBo62hWfprtFZwVqIOkyAhDQi01XqNpF,2,0,owcAoKoP7i-ioz**,owcAoKoP7i-ioz**,,0,1,0,0,0,0,,å›åˆ°è¿‡å»,0,0,0,,0,0,6,1!f1BoLdTRSZObN2h35ZZWNc8H57LbkLFmFBo62hWfprtFZwVqIOkyAhDQi01XqNpF,@å›åˆ°è¿‡å»,,0,,,1702102097,,,http://y.qq.com/music/icon/v1/h5/svip6.png
8,https://pic6.y.qq.com/qqmusic/avatar/3769366c3765453537774335-1700371133/140,1!LH82U.SrkolPxDOqdQajbPvazFl561ewz7qxNGRo9LG5-jAVDQSJf24iYH2iaE20,2,0,7i6l7eE57wC5,7i6l7eE57wC5,,0,1,1,1,0,0,,æ˜Ÿç©º,0,3,0,,0,0,è‡ªå·±é”¤è‡ªå·±ï¼Œï¼Œå½»åº•æ— æ„Ÿäº†ï¼Œæˆ‘çš„ä¸‰çº§å‹‹ç« è¿˜å·®10æ¥å¤©,1!LH82U.SrkolPxDOqdQajbPvazFl561ewz7qxNGRo9LG5-jAVDQSJf24iYH2iaE20,@æ˜Ÿç©º,,0,,,1702100700,,,http://y.qq.com/music/icon/v1/h5/nsvip8.png
9,http://thirdqq.qlogo.cn/g?b=sdk&k=ImG9TeBXW2CGicyM5gSSlqA&s=140&t=1658120753,1!TSmJz9J.orcLxFArnRuwsCjRwd1l9mYkKvBEJ6m02iUSirlj1-Y6.kp9whSclHFMJEN1-EX1cmtMdGJkawJMVg**,2,0,Ne6A7enFNKvs,owSFowv5Neokov**,,0,1,0,1,0,0,"[{'encrypt_replyeduin': 'oK4Pow6loiEs7n**', 'encrypt_replyuin': 'owSFowv5Neokov**', 'reply_identity_pic': '', 'reply_identity_type': 0, 'replyed_identity_pic': '', 'replyed_identity_type': 0, 'replyednick': '@Rossoneri', 'replyeduin': '', 'replynick': '@æœ‰ä¸€å¤©æ™šä¸Š', 'replyuin': '', 'subcommentcontent': 'ä½ è¦è¯´ä¸€ä¸ªå‡ åç™¾æ¥ä¸‡çš„æˆ¿å­ä¹°ä¸èµ·ï¼Œé‚£æ­£å¸¸ï¼Œæ™®é€šäººç¡®å®ä¹°ä¸èµ·ï¼Œä¸€ä¸ªé—¨ç¥¨å‡ ç™¾å‡ åƒï¼Œä½ è¿™ç§çœ‹äººä½çš„è¡Œä¸ºè¯´å‡ºå»å¥½ç¬‘', 'subcommentid': '1!TSmJz9J.orcLxFArnRuwsCjRwd1l9mYkKvBEJ6m02iUSirlj1-Y6.kp9whSclHFMJEN1-EX1cmtMdGJkawJMVg**'}, {'encrypt_replyeduin': 'Ne6A7enFNKvs', 'encrypt_replyuin': 'oK4Pow6loiEs7n**', 'reply_identity_pic': '', 'reply_identity_type': 0, 'replyed_identity_pic': '', 'replyed_identity_type': 0, 'replyednick': '@1', 'replyeduin': '', 'replynick': '@Rossoneri', 'replyuin': '', 'subcommentcontent': 'ä½ ä¹°ä¸èµ·çš„ï¼Œåˆ«é…¸äº†', 'subcommentid': '1!TSmJz9J.orcLxFArnRuwsCjRwd1l9mYkKvBEJ6m02iXeD.GxveRcNCjkEybKFIgexMuryJ9vBXsGHng7BZMmvw**'}]",æœ‰ä¸€å¤©æ™šä¸Š,0,0,0,,0,0,ä»¥åQQéŸ³ä¹ä¹Ÿèƒ½å¬æ¼”å”±ä¼šäº†æğŸ˜‹,1!TSmJz9J.orcLxFArnRuwsCjRwd1l9mYkKvBEJ6m02iUzelWMbLLoylHfLBSuLhom,@1,,0,,,1702100540,,,http://y.qq.com/music/icon/v1/h5/svip6.png
10,https://thirdwx.qlogo.cn/mmopen/vi_32/PiajxSqBRaEKvba7p6F7jIMD4ePa4Y7C4dsF8zetDnhn8zIxDmyOWvseH02YEfYnhxRkIQY3hOcde8rdPIA6ibibtO4petT9ichiboZYbowjiczkh9gzBPyFwXaQ/132,1!XCdNJo5Zc7XCsioasA9UdSbIB6ufuu92N6dHpo0QpzwehjyghWL7vYlSb1zz7CnW7IHFZMadNm6XWVzSa9.Gj8Vm1LZjoKcwp.mhAvWU7o4*,2,0,owcs7Kok7enloz**,oK6kowEAoK4z7K6A7e6sowCkNn**,,0,1,0,0,0,0,"[{'encrypt_replyeduin': 'owvqNKv5NKoPNv**', 'encrypt_replyuin': 'oK6kowEAoK4z7K6A7e6sowCkNn**', 'reply_identity_pic': '', 'reply_identity_type': 0, 'replyed_identity_pic': '', 'replyed_identity_type': 0, 'replyednick': '@æ©˜å‘³çš„å•Šç‹¸.', 'replyeduin': '', 'replynick': '@è‹¥', 'replyuin': '', 'subcommentcontent': 'ç›¸è§æ—¶éš¾åˆ«äº¦éš¾ï¼Œä¸œé£æ— åŠ›ç™¾èŠ±æ®‹\n', 'subcommentid': '1!XCdNJo5Zc7XCsioasA9UdSbIB6ufuu92N6dHpo0QpzwehjyghWL7vYlSb1zz7CnW7IHFZMadNm6XWVzSa9.Gj8Vm1LZjoKcwp.mhAvWU7o4*'}, {'encrypt_replyeduin': 'owcs7Kok7enloz**', 'encrypt_replyuin': 'owvqNKv5NKoPNv**', 'reply_identity_pic': '', 'reply_identity_type': 0, 'replyed_identity_pic': '', 'replyed_identity_type': 0, 'replyednick': '@è–', 'replyeduin': '', 'replynick': '@æ©˜å‘³çš„å•Šç‹¸.', 'replyuin': '', 'subcommentcontent': 'å±±ä¸å±±ä¸è§é¢ï¼Œå†è§å®¹æ˜“å†è§éš¾', 'subcommentid': '1!XCdNJo5Zc7XCsioasA9UdSbIB6ufuu92N6dHpo0QpzyJS2r2le-M2f6pKdx.FG3OossrKmy48xXoOAwadVI-6A**'}]",è‹¥,0,0,0,,0,0,æƒŸæ„¿æ˜¥æ—¥ä¸è¿Ÿ ç›¸é€¢è‡ªæœ‰æ—¶,1!XCdNJo5Zc7XCsioasA9UdSbIB6ufuu92N6dHpo0Qpzxhmb4c5LD1YK2aCdZs22pG,@è–,,0,,,1702099889,,,http://y.qq.com/music/icon/v1/h5/svip3.png
11,https://thirdwx.qlogo.cn/mmopen/vi_32/PiajxSqBRaEL8lqpAB1GlDlAia9Pu3cqE8f4gfqn8ZiaYB4motEvDsuq6Iw6TL7xgV3ibNzXGNAAviaY4tibAfpRxcln1aYt35VzrTJ6uJJPSm53e6efPMDMPRHw/132,1!WKo4yYxZY1MmOkKwF65anLICCYXN9E.075J8-h1ZPttlgbijdQwwnCbqHbneCMQ8,2,0,oK6kowEAoK4z7KnzownzoKoqNv**,oK6kowEAoK4z7KnzownzoKoqNv**,,0,1,0,0,0,0,,æ¯æœ¨é€¢æ˜¥_,0,0,0,,0,0,å¤Ÿäº† æ ¹æœ¬éª—ä¸äº†è‡ªå·± æˆ‘å°±æ˜¯å¾ˆå–œæ¬¢ä½ å•Šã€‚,1!WKo4yYxZY1MmOkKwF65anLICCYXN9E.075J8-h1ZPttlgbijdQwwnCbqHbneCMQ8,@æ¯æœ¨é€¢æ˜¥_,,0,,,1702099155,,,http://y.qq.com/music/icon/v1/h5/svip6.png
12,http://thirdqq.qlogo.cn/g?b=sdk&k=hjkEKBPGOPqibxrbnNCeVvw&kti=ZXP2VQAAAAE&s=140&t=1685183501,1!WKo4yYxZY1MmOkKwF65anKiGaL.h79Onq-DU5FeZCP4QpxIFPVrt3ucpPZUdI8hDltGkzWDf5k-mlgGbTd0lJ8UIu2BV5LkdjZmYQkPvnL8*,2,0,oK6kowEAoK4z7eSz7w4ioinz7n**,oKnk7wSqoK-F7c**,,0,1,0,0,0,0,"[{'encrypt_replyeduin': 'oK6kowEAoK4z7eSz7w4ioinz7n**', 'encrypt_replyuin': 'oKnk7wSqoK-F7c**', 'reply_identity_pic': '', 'reply_identity_type': 0, 'replyed_identity_pic': '', 'replyed_identity_type': 0, 'replyednick': '@å›æ€çˆ±å¤©ä½¿', 'replyeduin': '', 'replynick': '@å¿ƒæ€è‰¯å¥½æ—©ç¡æ—©èµ·', 'replyuin': '', 'subcommentcontent': 'ä¿ºä¹Ÿè¦', 'subcommentid': '1!WKo4yYxZY1MmOkKwF65anKiGaL.h79Onq-DU5FeZCP4QpxIFPVrt3ucpPZUdI8hDltGkzWDf5k-mlgGbTd0lJ8UIu2BV5LkdjZmYQkPvnL8*'}]",å¿ƒæ€è‰¯å¥½æ—©ç¡æ—©èµ·,0,0,0,,0,0,å¤šå°‘é’±ä¸€æ¡ï¼Œå¸¦å¸¦æˆ‘,1!WKo4yYxZY1MmOkKwF65anKiGaL.h79Onq-DU5FeZCP54MFqFV1gAsUernTNRTrKA,@å›æ€çˆ±å¤©ä½¿,,0,,,1702099011,,,http://y.qq.com/music/icon/v1/h5/svip6.png
13,http://thirdqq.qlogo.cn/g?b=sdk&k=ECpYX3q6Tj3JCVJ8TVHlGw&s=140&t=1639360035,1!TSmJz9J.orcLxFArnRuwsCjRwd1l9mYkKvBEJ6m02iV4ai9OxnzRbKKL0zKZOASql92u9DQq5GxiIR0F99kf7w**,2,0,Ne6A7enFNKvs,Nevq7w4sNeo*,,0,1,0,0,0,0,"[{'encrypt_replyeduin': 'oK4Pow6loiEs7n**', 'encrypt_replyuin': 'Nevq7w4sNeo*', 'reply_identity_pic': '', 'reply_identity_type': 0, 'replyed_identity_pic': '', 'replyed_identity_type': 0, 'replyednick': '@Rossoneri', 'replyeduin': '', 'replynick': '@å°±æ˜¯çˆ±éŸ³ä¹', 'replyuin': '', 'subcommentcontent': 'å¤ªå­äº†å•Šï¼', 'subcommentid': '1!TSmJz9J.orcLxFArnRuwsCjRwd1l9mYkKvBEJ6m02iV4ai9OxnzRbKKL0zKZOASql92u9DQq5GxiIR0F99kf7w**'}, {'encrypt_replyeduin': 'Ne6A7enFNKvs', 'encrypt_replyuin': 'oK4Pow6loiEs7n**', 'reply_identity_pic': '', 'reply_identity_type': 0, 'replyed_identity_pic': '', 'replyed_identity_type': 0, 'replyednick': '@1', 'replyeduin': '', 'replynick': '@Rossoneri', 'replyuin': '', 'subcommentcontent': 'ä½ ä¹°ä¸èµ·çš„ï¼Œåˆ«é…¸äº†', 'subcommentid': '1!TSmJz9J.orcLxFArnRuwsCjRwd1l9mYkKvBEJ6m02iXeD.GxveRcNCjkEybKFIgexMuryJ9vBXsGHng7BZMmvw**'}]",å°±æ˜¯çˆ±éŸ³ä¹,0,0,0,,0,0,ä»¥åQQéŸ³ä¹ä¹Ÿèƒ½å¬æ¼”å”±ä¼šäº†æğŸ˜‹,1!TSmJz9J.orcLxFArnRuwsCjRwd1l9mYkKvBEJ6m02iUzelWMbLLoylHfLBSuLhom,@1,,0,,,1702098434,,,
14,https://pic6.y.qq.com/qqmusic/avatar/6f77456b6f7763464e65437137762a2a-1701266510/140,1!NB5vCEmrSvZh9IsMt3ACf3469bXJKiqm2MBK7M8iOS5pP3oJCyV.8qiAejvwWcxkyhUhgysdUM4H9uQVK4Ye8A**,2,0,7ivAoivqoe-A,owEkowcFNeCq7v**,,0,1,0,1,0,0,"[{'encrypt_replyeduin': '7ivAoivqoe-A', 'encrypt_replyuin': 'owEkowcFNeCq7v**', 'reply_identity_pic': '', 'reply_identity_type': 0, 'replyed_identity_pic': '', 'replyed_identity_type': 0, 'replyednick': '@AKun', 'replyeduin': '', 'replynick': '@å˜»å˜»å“ˆå“ˆå˜»å˜»å“ˆå“ˆå˜»å˜»å“ˆå“ˆå˜»å˜»å“ˆ', 'replyuin': '', 'subcommentcontent': 'å›½å†…å‡å”±ï¼Œå›½å¤–çœŸå”±ã€‚', 'subcommentid': '1!NB5vCEmrSvZh9IsMt3ACf3469bXJKiqm2MBK7M8iOS5pP3oJCyV.8qiAejvwWcxkyhUhgysdUM4H9uQVK4Ye8A**'}]",å˜»å˜»å“ˆå“ˆå˜»å˜»å“ˆå“ˆå˜»å˜»å“ˆå“ˆå˜»å˜»å“ˆ,0,0,0,,0,0,çœŸå”±å‡å”±ï¼Ÿ,1!NB5vCEmrSvZh9IsMt3ACf3469bXJKiqm2MBK7M8iOS4FWuDXJKysScTZfnQ4rC2w,@AKun,,0,,,1702098146,,,http://y.qq.com/music/icon/v1/h5/svip6.png
15,http://thirdqq.qlogo.cn/g?b=sdk&k=qx7yEicO58gZVBUo4uyIMjQ&s=140&t=1617956960,1!TSmJz9J.orcLxFArnRuwsCjRwd1l9mYkKvBEJ6m02iU2D.ZeoLYvyR4hNqvdUPt7tAAIf9Fx.ZpdFgE-vfkGMQ**,2,0,Ne6A7enFNKvs,oiSP7ivAoKEl,,0,1,0,1,0,0,"[{'encrypt_replyeduin': 'oK4Pow6loiEs7n**', 'encrypt_replyuin': 'oiSP7ivAoKEl', 'reply_identity_pic': '', 'reply_identity_type': 0, 'replyed_identity_pic': '', 'replyed_identity_type': 0, 'replyednick': '@Rossoneri', 'replyeduin': '', 'replynick': '@å¤œã€…', 'replyuin': '', 'subcommentcontent': 'ç¬‘æ­»äº†å°±å‡ åƒå—çš„ä¸œè¥¿æ€ä¹ˆç»™ä½ æ•´çš„å¥½åƒè¦åå‡ ä¸ªğŸ˜†ğŸ˜†çœ‹ä¸ªæ¼”å”±ä¼šè¿˜ç»™ä½ äººæ ¼å‡åäº†æ˜¯å—', 'subcommentid': '1!TSmJz9J.orcLxFArnRuwsCjRwd1l9mYkKvBEJ6m02iU2D.ZeoLYvyR4hNqvdUPt7tAAIf9Fx.ZpdFgE-vfkGMQ**'}, {'encrypt_replyeduin': 'Ne6A7enFNKvs', 'encrypt_replyuin': 'oK4Pow6loiEs7n**', 'reply_identity_pic': '', 'reply_identity_type': 0, 'replyed_identity_pic': '', 'replyed_identity_type': 0, 'replyednick': '@1', 'replyeduin': '', 'replynick': '@Rossoneri', 'replyuin': '', 'subcommentcontent': 'ä½ ä¹°ä¸èµ·çš„ï¼Œåˆ«é…¸äº†', 'subcommentid': '1!TSmJz9J.orcLxFArnRuwsCjRwd1l9mYkKvBEJ6m02iXeD.GxveRcNCjkEybKFIgexMuryJ9vBXsGHng7BZMmvw**'}]",å¤œã€…,0,0,0,,0,0,ä»¥åQQéŸ³ä¹ä¹Ÿèƒ½å¬æ¼”å”±ä¼šäº†æğŸ˜‹,1!TSmJz9J.orcLxFArnRuwsCjRwd1l9mYkKvBEJ6m02iUzelWMbLLoylHfLBSuLhom,@1,,0,,,1702098052,,,http://y.qq.com/music/icon/v1/h5/svip6.png
16,https://pic6.y.qq.com/qqmusic/avatar/37654371374b456b374b6371-1701926204/140,1!oVljySOfhOLVlnatUhSCKx5ynQlRhVj8bEsADNeBKGyb.yKpUXfQvDB-ZpzMY8B-,2,0,7eCq7KEk7Kcq,7eCq7KEk7Kcq,,0,1,0,1,0,0,,ç¥æ„¿ä½ çˆ¶æ¯æ‘†å¤´å•è€,0,3,0,,0,0,äº”æ›°å¤©,1!oVljySOfhOLVlnatUhSCKx5ynQlRhVj8bEsADNeBKGyb.yKpUXfQvDB-ZpzMY8B-,@ç¥æ„¿ä½ çˆ¶æ¯æ‘†å¤´å•è€,,0,,,1702097965,,,http://y.qq.com/music/icon/v1/h5/nsvip6.png
17,https://pic6.y.qq.com/qqmusic/avatar/37654371374b456b374b6371-1701926204/140,1!oVljySOfhOLVlnatUhSCK5QyCuc.eI7aHTj-OT-5t9I6WFeMpHnuN0cKyUVUasoP,2,0,7eCq7KEk7Kcq,7eCq7KEk7Kcq,,0,1,0,1,0,0,,ç¥æ„¿ä½ çˆ¶æ¯æ‘†å¤´å•è€,0,1,0,,0,0,æ—¥æœ¬é™ˆä¿¡å®,1!oVljySOfhOLVlnatUhSCK5QyCuc.eI7aHTj-OT-5t9I6WFeMpHnuN0cKyUVUasoP,@ç¥æ„¿ä½ çˆ¶æ¯æ‘†å¤´å•è€,,0,,,1702097931,,,http://y.qq.com/music/icon/v1/h5/nsvip6.png
18,http://thirdqq.qlogo.cn/g?b=sdk&k=ehDwCsiaBrbzOdgxO2hoczg&s=140&t=1645404757,1!DcqWU4WbbTnbAADJO1tFlpTXLb4yD43i3EEofeABQgIbTbCU4RkGtoANiS5bfYGC,2,0,owEs7wvs7ioPoz**,owEs7wvs7ioPoz**,,0,1,0,0,0,0,,è¥¿ç©†å,0,0,0,,0,0,ğŸ¤¢,1!DcqWU4WbbTnbAADJO1tFlpTXLb4yD43i3EEofeABQgIbTbCU4RkGtoANiS5bfYGC,@è¥¿ç©†å,,0,,,1702097894,,,http://y.qq.com/music/icon/v1/h5/svip6.png
19,https://thirdwx.qlogo.cn/mmopen/vi_32/Q0j4TwGTfTLS7QQuXIVTYmyQT1jMRWN374FB5uRoRcPdrPG0wsYThFj2oS99Ih4CXkF1TOXfFUf0RkluDpgHTQ/132,1!WKo4yYxZY1MmOkKwF65anCbkg9BCNTEzKfclYIYRde0qUee9m6zK09VzKn9auvrq,2,0,oK6kowEAoK4z7ecF7wnF7e4Foz**,oK6kowEAoK4z7ecF7wnF7e4Foz**,,0,1,1,0,0,0,,è‰î„,0,6,0,,0,0,ä¸€ç¾¤å°ä¸‘ï¼Œè¿‡æ¥æ‰¾å­˜åœ¨æ„Ÿ,1!WKo4yYxZY1MmOkKwF65anCbkg9BCNTEzKfclYIYRde0qUee9m6zK09VzKn9auvrq,@è‰î„,,0,,,1702096752,,,http://y.qq.com/music/icon/v1/h5/svip1.png
20,http://thirdqq.qlogo.cn/g?b=sdk&k=k8PGmVgRTrxnfIybqrSu1A&kti=ZXOyCAAAAAI&s=140&t=1701962279,1!ExwSi7LdhF997YsQhaUnTccPpOzyydEpW49GZKvHKgStAd.PTR0CRVnxUnNaqyDJGlGsiCi8mk4PyDwpdT05BQ**,2,0,oi4s7KcsNeCP7v**,oKnF7e6ioevkoz**,,0,1,0,1,0,0,"[{'encrypt_replyeduin': 'oi-z7K4k7eoz7c**', 'encrypt_replyuin': 'oKnF7e6ioevkoz**', 'reply_identity_pic': '', 'reply_identity_type': 0, 'replyed_identity_pic': '', 'replyed_identity_type': 0, 'replyednick': '@ğŸ…´6ï¼ˆå‡å”±ç‰ˆï¼‰', 'replyeduin': '', 'replynick': '@å¦è€…é‚£å•¥å­éˆé¢¨', 'replyuin': '', 'subcommentcontent': 't0å…¬å¼ç§’äº†ï¼', 'subcommentid': '1!ExwSi7LdhF997YsQhaUnTccPpOzyydEpW49GZKvHKgStAd.PTR0CRVnxUnNaqyDJGlGsiCi8mk4PyDwpdT05BQ**'}, {'encrypt_replyeduin': 'oi4s7KcsNeCP7v**', 'encrypt_replyuin': 'oi-z7K4k7eoz7c**', 'reply_identity_pic': '', 'reply_identity_type': 0, 'replyed_identity_pic': '', 'replyed_identity_type': 0, 'replyednick': '@æ— æ•Œæ¡‚å°‘', 'replyeduin': '', 'replynick': '@ğŸ…´6ï¼ˆå‡å”±ç‰ˆï¼‰', 'replyuin': '', 'subcommentcontent': 'æˆ‘ä»¬å¬å‘¨æ°ä¼¦â‰ äº”æœˆå¤©æ²¡æœ‰å‡å”± å¦‚æœæ˜¯å‡å”±ä½ ä»¬æ˜¯ä¸æ˜¯è¦è¿å¤œå‘è¯„è®ºé“å¾·ç»‘æ¶å•Šâ€œæ˜¯ä¸ªäººéƒ½ä¼šçŠ¯é”™å•¦â€ è€Œä¸”é™ˆæ— ä¿¡è‡ªå·±éƒ½æ²¡å”±åˆ°E6ä»–ä¸ºä»€ä¹ˆä¸åˆ å¾®åš', 'subcommentid': '1!ExwSi7LdhF997YsQhaUnTccPpOzyydEpW49GZKvHKgSYohdB61MCuFHtFmQyYCELtTveqtU5mG1cjQ4w5Eax7w**'}]",å¦è€…é‚£å•¥å­éˆé¢¨,0,1,0,,0,0,æ¼”å”±ä¼šæ˜¯ä¸æ˜¯å‡å”±è¿˜ä¸çŸ¥é“ğŸ˜…ç¡®å‡¿äº†å†æ¥å–·ä¸è¡Œå—ï¼Ÿè™½ç„¶å¤§æ¦‚ç‡å‡å”±ä½†æ˜¯ä¸‡ä¸€ä¸æ˜¯ä½ ä»¬æ˜¯ä¸æ˜¯è¦è¿å¤œåˆ è¯„è®ºå•Šï¼Ÿé—®çš„å°±æ˜¯ä½ ä»¬Jayç²‰ä¸,1!ExwSi7LdhF997YsQhaUnTccPpOzyydEpW49GZKvHKgSJpoKLpwpLEqu1IClubDaE,@æ— æ•Œæ¡‚å°‘,,0,,,1702096556,,,http://y.qq.com/music/icon/v1/h5/svip1.png
21,https://wx.qlogo.cn/mmhead/ickeyS5dE14K0Xkwm4N0bQ95OribfhS6qTwspvjcEQUGs/132,1!WKo4yYxZY1MmOkKwF65anJwwMVkd7XLu3OGw9jQOL.QF9Akr8fzKDHBRyVUl2QD5,2,0,oK6kowEAoK4z7KnFoiCzoe4P7n**,oK6kowEAoK4z7KnFoiCzoe4P7n**,,0,1,0,0,0,0,,éå¸¦çŸ³æ–‘é±¼,0,0,0,,0,0,å‡å”±åƒç“œğŸ‰ğŸ‰ï¼Œçœ‹çœ‹æœ‰æ²¡æœ‰è‰ºæœ¯å®¶è¯„è®º,1!WKo4yYxZY1MmOkKwF65anJwwMVkd7XLu3OGw9jQOL.QF9Akr8fzKDHBRyVUl2QD5,@éå¸¦çŸ³æ–‘é±¼,,0,,,1702096487,,,http://y.qq.com/music/icon/v1/h5/nsvip6.png
22,https://pic6.y.qq.com/qqmusic/avatar/376936503769437a6f656f2a-1696302394/140,1!ctKv9dQRAatQjCTY7taJMw91a4rI11dWAlcYieHLHmcoF8XSBGwg9ZYlH4.gDSjHCu2IbPifTnOZvdlB92PlFA**,2,0,oKElNeSA7KSF7v**,7i6P7iCzoeo*,,0,1,0,1,0,0,"[{'encrypt_replyeduin': 'owCloe6iNKvq7n**', 'encrypt_replyuin': '7i6P7iCzoeo*', 'reply_identity_pic': '', 'reply_identity_type': 0, 'replyed_identity_pic': '', 'replyed_identity_type': 0, 'replyednick': '@æ—ºæ—ºè–°è–°å†°', 'replyeduin': '', 'replynick': '@Poison', 'replyuin': '', 'subcommentcontent': '6', 'subcommentid': '1!ctKv9dQRAatQjCTY7taJMw91a4rI11dWAlcYieHLHmcoF8XSBGwg9ZYlH4.gDSjHCu2IbPifTnOZvdlB92PlFA**'}, {'encrypt_replyeduin': 'oKElNeSA7KSF7v**', 'encrypt_replyuin': 'owCloe6iNKvq7n**', 'reply_identity_pic': '', 'reply_identity_type': 0, 'replyed_identity_pic': '', 'replyed_identity_type': 0, 'replyednick': '@Ashin', 'replyeduin': '', 'replynick': '@æ—ºæ—ºè–°è–°å†°', 'replyuin': '', 'subcommentcontent': 'å¤šå¸Œæœ›ä½ æ˜¯ä»–å‘€ã€‚', 'subcommentid': '1!ctKv9dQRAatQjCTY7taJMw91a4rI11dWAlcYieHLHmdzMLL.-FwgTtlPH2sjRKg-vZgCb4QPQCrYRRTkHhuK9A**'}]",Poison,0,0,0,,0,0,é˜¿ä¿¡çš„æ­Œå£°ä¾æ—§è¿™ä¹ˆå¥½å¬ï¼Œæƒ³èµ·åˆä¸­æ—¶ä»£çš„æ‹çˆ±ï¼Œé‚£æ—¶å€™ç¡®å®çˆ±çš„å¾ˆç–¯ç‹‚ï¼Œåˆæ‹ä¾æ—§åœ¨è„‘ä¸­å¾˜å¾Šï¼Œå¾ˆæƒ³å“­ï¼Œä¸€ä¸ªä¸­è€ƒåˆ†ç¦»ï¼Œæ¥åˆ°ä¸€æ‰€æ²¡æœ‰å¥¹çš„é«˜ä¸­ï¼Œä¸€ä¸ªäººåº¦è¿‡äº†è¿™ä¹ˆä¹…ã€‚å¦‚æœè¯´è¿˜æœ‰æœºä¼šï¼Œæˆ‘æƒ³å¯¹å¥¹:å¯¹ä¸èµ·ï¼Œæˆ‘çˆ±ä½ ã€‚ğŸ˜”,1!ctKv9dQRAatQjCTY7taJMw91a4rI11dWAlcYieHLHmc3sr93EhmaqDvCpukH6Ht6,@Ashin,,0,,,1702095493,,,http://y.qq.com/music/icon/v1/h5/svip2.png
23,http://thirdqq.qlogo.cn/g?b=sdk&k=9OCvQaiazuUuibCl214uGLRA&kti=ZFUrZAAAAAE&s=140&t=1609643061,1!LuTrG0KaUylvhHJjjQNw.4ilFbLfW3EskhQPQ4hzVnnswkk4KQyd6xuNESGA5hmL,2,0,7w4lNecAoioz,7w4lNecAoioz,,0,1,0,1,0,0,,ğŸ“,0,0,0,,0,0,å†å¬å·²åˆ°ä¸­å¹´ï¼Œçªç„¶å¥½æƒ³ä½ ï¼Œæ›¾ç»çš„è‡ªå·±ï¼Œå¹´å°‘æ—¶çš„ä¼™ä¼´ï¼Œè¿˜æœ‰æ›¾ç»æœ€çˆ±çš„ä½ ,1!LuTrG0KaUylvhHJjjQNw.4ilFbLfW3EskhQPQ4hzVnnswkk4KQyd6xuNESGA5hmL,@ğŸ“,,0,,,1702095161,,,http://y.qq.com/music/icon/v1/h5/nsvip6.png
24,http://thirdqq.qlogo.cn/g?b=sdk&k=OSfWSpficBePwH2EoGicFOpg&s=140&t=1656433413,1!FWdoXseUZHgu9DkHvHwZ3tCgJffGPz940jZlYyAjjccreExP5SnA63enIQg-i3fy,2,0,NeEFoKvq7ivq,NeEFoKvq7ivq,,0,1,0,0,0,0,,ç˜¾,0,0,0,,0,0,è‡ªå·±é”¤è‡ªå·± å“,1!FWdoXseUZHgu9DkHvHwZ3tCgJffGPz940jZlYyAjjccreExP5SnA63enIQg-i3fy,@ç˜¾,,0,,,1702094160,,,http://y.qq.com/music/icon/v1/h5/nsvip7.png
